Kate,Apelsin,apelsin@gmail.com,qwse1234Q@13W,qwse1234Q@13W
Stive,Zibrov,zibrov@gmail.com,qwse1904Q@13W,qwse1904Q@13W
Lucke,Gasparov,gasparov@gmail.com,LKse1904Q@13W,LKse1904Q@13W
Anna,Shnizel,shnizel@gmail.com,LKse2304Q@13W,LKse2304Q@13W